"filename", "language", "Shell Script", "Markdown", "C", "CMake", "C++", "Properties", "Diff", "ARM", "comment", "blank", "total"
"/home/nexos/sources/nexnix/README.md", "Markdown", 0, 18, 0, 0, 0, 0, 0, 0, 0, 5, 23
"/home/nexos/sources/nexnix/buildrun.sh", "Shell Script", 295, 0, 0, 0, 0, 0, 0, 0, 42, 21, 358
"/home/nexos/sources/nexnix/configure.sh", "Shell Script", 965, 0, 0, 0, 0, 0, 0, 0, 115, 42, 1122
"/home/nexos/sources/nexnix/hwcopy/hwcopy-raspi3.sh", "Shell Script", 119, 0, 0, 0, 0, 0, 0, 0, 32, 16, 167
"/home/nexos/sources/nexnix/packages/NexNixSdk/sdkPackage.conf", "Properties", 0, 0, 0, 0, 0, 6, 0, 0, 14, 2, 22
"/home/nexos/sources/nexnix/packages/binutils/patches/binutils.patch", "Diff", 0, 0, 0, 0, 0, 0, 257, 0, 2, 1, 260
"/home/nexos/sources/nexnix/packages/gcc/patches/gcc.patch", "Diff", 0, 0, 0, 0, 0, 0, 248, 0, 21, 3, 272
"/home/nexos/sources/nexnix/packages/gnu-efi/nnpkg-pkg.conf", "Properties", 0, 0, 0, 0, 0, 5, 0, 0, 14, 2, 21
"/home/nexos/sources/nexnix/packages/libc/libc.conf", "Properties", 0, 0, 0, 0, 0, 4, 0, 0, 14, 2, 20
"/home/nexos/sources/nexnix/packages/libc/libc.sh", "Shell Script", 7, 0, 0, 0, 0, 0, 0, 0, 14, 2, 23
"/home/nexos/sources/nexnix/packages/libc/nnpkg-pkg.conf", "Properties", 0, 0, 0, 0, 0, 5, 0, 0, 14, 2, 21
"/home/nexos/sources/nexnix/packages/libk/libk.conf", "Properties", 0, 0, 0, 0, 0, 4, 0, 0, 14, 2, 20
"/home/nexos/sources/nexnix/packages/libk/libk.sh", "Shell Script", 7, 0, 0, 0, 0, 0, 0, 0, 14, 2, 23
"/home/nexos/sources/nexnix/packages/libk/nnpkg-pkg.conf", "Properties", 0, 0, 0, 0, 0, 5, 0, 0, 14, 2, 21
"/home/nexos/sources/nexnix/packages/libnex/libnex.conf", "Properties", 0, 0, 0, 0, 0, 5, 0, 0, 14, 2, 21
"/home/nexos/sources/nexnix/packages/libnex/libnex.sh", "Shell Script", 6, 0, 0, 0, 0, 0, 0, 0, 14, 2, 22
"/home/nexos/sources/nexnix/packages/libnex/nnpkg-pkg.conf", "Properties", 0, 0, 0, 0, 0, 5, 0, 0, 14, 2, 21
"/home/nexos/sources/nexnix/packages/nexboot-real/nexboot-real.sh", "Shell Script", 29, 0, 0, 0, 0, 0, 0, 0, 20, 3, 52
"/home/nexos/sources/nexnix/packages/nexboot-real/nexboot.conf", "Properties", 0, 0, 0, 0, 0, 9, 0, 0, 14, 3, 26
"/home/nexos/sources/nexnix/packages/nexboot-real/nnpkg-pkg.conf", "Properties", 0, 0, 0, 0, 0, 5, 0, 0, 14, 2, 21
"/home/nexos/sources/nexnix/packages/nexboot/nexboot-real.sh", "Shell Script", 29, 0, 0, 0, 0, 0, 0, 0, 20, 3, 52
"/home/nexos/sources/nexnix/packages/nexboot/nexboot.conf", "Properties", 0, 0, 0, 0, 0, 9, 0, 0, 14, 3, 26
"/home/nexos/sources/nexnix/packages/nexboot/nnpkg-pkg.conf", "Properties", 0, 0, 0, 0, 0, 5, 0, 0, 14, 2, 21
"/home/nexos/sources/nexnix/packages/nexke/nexke.conf", "Properties", 0, 0, 0, 0, 0, 5, 0, 0, 14, 2, 21
"/home/nexos/sources/nexnix/packages/nexke/nexke.sh", "Shell Script", 28, 0, 0, 0, 0, 0, 0, 0, 14, 3, 45
"/home/nexos/sources/nexnix/packages/nexke/nnpkg-pkg.conf", "Properties", 0, 0, 0, 0, 0, 5, 0, 0, 14, 2, 21
"/home/nexos/sources/nexnix/packages/nnbuild.conf", "Properties", 0, 0, 0, 0, 0, 50, 0, 0, 22, 12, 84
"/home/nexos/sources/nexnix/packages/templates/basetempl.sh", "Shell Script", 18, 0, 0, 0, 0, 0, 0, 0, 16, 2, 36
"/home/nexos/sources/nexnix/packages/templates/cmakebuild.sh", "Shell Script", 63, 0, 0, 0, 0, 0, 0, 0, 16, 6, 85
"/home/nexos/sources/nexnix/scripts/buildpkg.sh", "Shell Script", 55, 0, 0, 0, 0, 0, 0, 0, 24, 11, 90
"/home/nexos/sources/nexnix/scripts/hostbootstrap.sh", "Shell Script", 778, 0, 0, 0, 0, 0, 0, 0, 64, 13, 855
"/home/nexos/sources/nexnix/scripts/run.sh", "Shell Script", 893, 0, 0, 0, 0, 0, 0, 0, 64, 34, 991
"/home/nexos/sources/nexnix/scripts/writeiso.sh", "Shell Script", 43, 0, 0, 0, 0, 0, 0, 0, 18, 4, 65
"/home/nexos/sources/nexnix/source/NexnixSdk/CMakeLists.txt", "CMake", 0, 0, 0, 39, 0, 0, 0, 0, 0, 9, 48
"/home/nexos/sources/nexnix/source/NexnixSdk/README.md", "Markdown", 0, 2, 0, 0, 0, 0, 0, 0, 0, 1, 3
"/home/nexos/sources/nexnix/source/NexnixSdk/cmake/GettextHelp.cmake", "CMake", 0, 0, 0, 129, 0, 0, 0, 0, 0, 23, 152
"/home/nexos/sources/nexnix/source/NexnixSdk/cmake/NexTest.cmake", "CMake", 0, 0, 0, 45, 0, 0, 0, 0, 0, 12, 57
"/home/nexos/sources/nexnix/source/NexnixSdk/cmake/Platform/NexNix.cmake", "CMake", 0, 0, 0, 27, 0, 0, 0, 0, 0, 10, 37
"/home/nexos/sources/nexnix/source/NexnixSdk/cmake/SdkCompilerTest.cmake", "CMake", 0, 0, 0, 29, 0, 0, 0, 0, 0, 7, 36
"/home/nexos/sources/nexnix/source/NexnixSdk/cmake/SystemBuild/ArchToMacro.cmake", "CMake", 0, 0, 0, 24, 0, 0, 0, 0, 0, 6, 30
"/home/nexos/sources/nexnix/source/NexnixSdk/cmake/SystemBuild/Options.cmake", "CMake", 0, 0, 0, 41, 0, 0, 0, 0, 0, 10, 51
"/home/nexos/sources/nexnix/source/NexnixSdk/cmake/SystemBuild/compiler-gnu.cmake", "CMake", 0, 0, 0, 20, 0, 0, 0, 0, 0, 7, 27
"/home/nexos/sources/nexnix/source/NexnixSdk/cmake/SystemBuild/compiler-llvm.cmake", "CMake", 0, 0, 0, 20, 0, 0, 0, 0, 0, 7, 27
"/home/nexos/sources/nexnix/source/NexnixSdk/cmake/SystemBuild/kernel/overrides-gnu.cmake", "CMake", 0, 0, 0, 37, 0, 0, 0, 0, 0, 10, 47
"/home/nexos/sources/nexnix/source/NexnixSdk/cmake/SystemBuild/kernel/overrides-llvm.cmake", "CMake", 0, 0, 0, 27, 0, 0, 0, 0, 0, 7, 34
"/home/nexos/sources/nexnix/source/NexnixSdk/cmake/SystemBuild/toolchain-gnu.cmake", "CMake", 0, 0, 0, 41, 0, 0, 0, 0, 0, 14, 55
"/home/nexos/sources/nexnix/source/NexnixSdk/cmake/SystemBuild/toolchain-llvm.cmake", "CMake", 0, 0, 0, 38, 0, 0, 0, 0, 0, 12, 50
"/home/nexos/sources/nexnix/source/NexnixSdk/include/nextest.h", "C++", 0, 0, 0, 0, 21, 0, 0, 0, 21, 8, 50
"/home/nexos/sources/nexnix/source/hosttools/CMakeLists.txt", "CMake", 0, 0, 0, 52, 0, 0, 0, 0, 0, 16, 68
"/home/nexos/sources/nexnix/source/hosttools/README.md", "Markdown", 0, 5, 0, 0, 0, 0, 0, 0, 0, 2, 7
"/home/nexos/sources/nexnix/source/hosttools/cmake/NexTest.cmake", "CMake", 0, 0, 0, 53, 0, 0, 0, 0, 0, 7, 60
"/home/nexos/sources/nexnix/source/hosttools/cmake/SdkCompilerTest.cmake", "CMake", 0, 0, 0, 29, 0, 0, 0, 0, 0, 7, 36
"/home/nexos/sources/nexnix/source/hosttools/cmake/nextest.h", "C++", 0, 0, 0, 0, 21, 0, 0, 0, 21, 8, 50
"/home/nexos/sources/nexnix/source/hosttools/include/config.in.h", "C++", 0, 0, 0, 0, 22, 0, 0, 0, 19, 6, 47
"/home/nexos/sources/nexnix/source/hosttools/nnbuild/CMakeLists.txt", "CMake", 0, 0, 0, 25, 0, 0, 0, 0, 0, 9, 34
"/home/nexos/sources/nexnix/source/hosttools/nnbuild/build.c", "C", 0, 0, 184, 0, 0, 0, 0, 0, 44, 12, 240
"/home/nexos/sources/nexnix/source/hosttools/nnbuild/main.c", "C", 0, 0, 93, 0, 0, 0, 0, 0, 31, 11, 135
"/home/nexos/sources/nexnix/source/hosttools/nnbuild/nnbuild.h", "C++", 0, 0, 0, 0, 38, 0, 0, 0, 25, 14, 77
"/home/nexos/sources/nexnix/source/hosttools/nnbuild/package.c", "C", 0, 0, 415, 0, 0, 0, 0, 0, 90, 34, 539
"/home/nexos/sources/nexnix/source/hosttools/nnimage/CMakeLists.txt", "CMake", 0, 0, 0, 35, 0, 0, 0, 0, 0, 11, 46
"/home/nexos/sources/nexnix/source/hosttools/nnimage/image.c", "C", 0, 0, 671, 0, 0, 0, 0, 0, 115, 24, 810
"/home/nexos/sources/nexnix/source/hosttools/nnimage/imageList.c", "C", 0, 0, 482, 0, 0, 0, 0, 0, 73, 22, 577
"/home/nexos/sources/nexnix/source/hosttools/nnimage/main.c", "C", 0, 0, 96, 0, 0, 0, 0, 0, 31, 12, 139
"/home/nexos/sources/nexnix/source/hosttools/nnimage/nnimage.h", "C++", 0, 0, 0, 0, 83, 0, 0, 0, 41, 29, 153
"/home/nexos/sources/nexnix/source/hosttools/nnimage/update.c", "C", 0, 0, 632, 0, 0, 0, 0, 0, 107, 24, 763
"/home/nexos/sources/nexnix/source/libraries/README.md", "Markdown", 0, 2, 0, 0, 0, 0, 0, 0, 0, 1, 3
"/home/nexos/sources/nexnix/source/libraries/libc/CMakeLists.txt", "CMake", 0, 0, 0, 97, 0, 0, 0, 0, 0, 17, 114
"/home/nexos/sources/nexnix/source/libraries/libc/arch/armv8/arch.cmake", "CMake", 0, 0, 0, 15, 0, 0, 0, 0, 0, 5, 20
"/home/nexos/sources/nexnix/source/libraries/libc/arch/armv8/crt0.S", "ARM", 0, 0, 0, 0, 0, 0, 0, 23, 0, 3, 26
"/home/nexos/sources/nexnix/source/libraries/libc/arch/armv8/include/bits/arch.h", "C++", 0, 0, 0, 0, 16, 0, 0, 0, 16, 4, 36
"/home/nexos/sources/nexnix/source/libraries/libc/arch/armv8/include/stdint.h", "C++", 0, 0, 0, 0, 73, 0, 0, 0, 16, 20, 109
"/home/nexos/sources/nexnix/source/libraries/libc/arch/i386/arch.cmake", "CMake", 0, 0, 0, 15, 0, 0, 0, 0, 0, 5, 20
"/home/nexos/sources/nexnix/source/libraries/libc/arch/i386/crt0.asm", "ARM", 0, 0, 0, 0, 0, 0, 0, 25, 0, 3, 28
"/home/nexos/sources/nexnix/source/libraries/libc/arch/i386/include/bits/arch.h", "C++", 0, 0, 0, 0, 15, 0, 0, 0, 16, 4, 35
"/home/nexos/sources/nexnix/source/libraries/libc/arch/i386/include/stdint.h", "C++", 0, 0, 0, 0, 73, 0, 0, 0, 16, 20, 109
"/home/nexos/sources/nexnix/source/libraries/libc/arch/riscv64/include/bits/arch.h", "C++", 0, 0, 0, 0, 16, 0, 0, 0, 16, 4, 36
"/home/nexos/sources/nexnix/source/libraries/libc/arch/riscv64/include/stdint.h", "C++", 0, 0, 0, 0, 73, 0, 0, 0, 16, 20, 109
"/home/nexos/sources/nexnix/source/libraries/libc/arch/x86_64/arch.cmake", "CMake", 0, 0, 0, 15, 0, 0, 0, 0, 0, 5, 20
"/home/nexos/sources/nexnix/source/libraries/libc/arch/x86_64/crt0.asm", "ARM", 0, 0, 0, 0, 0, 0, 0, 25, 0, 3, 28
"/home/nexos/sources/nexnix/source/libraries/libc/arch/x86_64/include/bits/arch.h", "C++", 0, 0, 0, 0, 15, 0, 0, 0, 16, 4, 35
"/home/nexos/sources/nexnix/source/libraries/libc/arch/x86_64/include/stdint.h", "C++", 0, 0, 0, 0, 73, 0, 0, 0, 16, 20, 109
"/home/nexos/sources/nexnix/source/libraries/libc/entry/cmain.c", "C", 0, 0, 4, 0, 0, 0, 0, 0, 16, 2, 22
"/home/nexos/sources/nexnix/source/libraries/libc/include/assert.h", "C++", 0, 0, 0, 0, 8, 0, 0, 0, 16, 4, 28
"/home/nexos/sources/nexnix/source/libraries/libc/include/bits/types.h", "C++", 0, 0, 0, 0, 45, 0, 0, 0, 17, 9, 71
"/home/nexos/sources/nexnix/source/libraries/libc/include/elf.h", "C++", 0, 0, 0, 0, 2769, 0, 0, 0, 4, 539, 3312
"/home/nexos/sources/nexnix/source/libraries/libc/include/errno.h", "C++", 0, 0, 0, 0, 138, 0, 0, 0, 5, 4, 147
"/home/nexos/sources/nexnix/source/libraries/libc/include/stdarg.h", "C++", 0, 0, 0, 0, 8, 0, 0, 0, 16, 4, 28
"/home/nexos/sources/nexnix/source/libraries/libc/include/stdbool.h", "C++", 0, 0, 0, 0, 7, 0, 0, 0, 16, 5, 28
"/home/nexos/sources/nexnix/source/libraries/libc/include/stddef.h", "C++", 0, 0, 0, 0, 10, 0, 0, 0, 17, 5, 32
"/home/nexos/sources/nexnix/source/libraries/libc/include/stdio.h", "C++", 0, 0, 0, 0, 33, 0, 0, 0, 17, 8, 58
"/home/nexos/sources/nexnix/source/libraries/libc/include/stdlib.h", "C++", 0, 0, 0, 0, 19, 0, 0, 0, 19, 6, 44
"/home/nexos/sources/nexnix/source/libraries/libc/include/stdnoreturn.h", "C++", 0, 0, 0, 0, 3, 0, 0, 0, 16, 2, 21
"/home/nexos/sources/nexnix/source/libraries/libc/include/string.h", "C++", 0, 0, 0, 0, 14, 0, 0, 0, 18, 7, 39
"/home/nexos/sources/nexnix/source/libraries/libc/include/sys/types.h", "C++", 0, 0, 0, 0, 6, 0, 0, 0, 16, 4, 26
"/home/nexos/sources/nexnix/source/libraries/libc/include/time.h", "C++", 0, 0, 0, 0, 3, 0, 0, 0, 16, 3, 22
"/home/nexos/sources/nexnix/source/libraries/libc/include/uchar.h", "C++", 0, 0, 0, 0, 8, 0, 0, 0, 16, 5, 29
"/home/nexos/sources/nexnix/source/libraries/libc/include/unistd.h", "C++", 0, 0, 0, 0, 15, 0, 0, 0, 16, 7, 38
"/home/nexos/sources/nexnix/source/libraries/libc/stdio/printf_family.h", "C++", 0, 0, 0, 0, 32, 0, 0, 0, 18, 7, 57
"/home/nexos/sources/nexnix/source/libraries/libc/stdio/snprintf.c", "C", 0, 0, 9, 0, 0, 0, 0, 0, 16, 3, 28
"/home/nexos/sources/nexnix/source/libraries/libc/stdio/sprintf.c", "C", 0, 0, 9, 0, 0, 0, 0, 0, 16, 3, 28
"/home/nexos/sources/nexnix/source/libraries/libc/stdio/vprintf_core.c", "C", 0, 0, 538, 0, 0, 0, 0, 0, 59, 18, 615
"/home/nexos/sources/nexnix/source/libraries/libc/stdio/vsnprintf.c", "C", 0, 0, 23, 0, 0, 0, 0, 0, 19, 4, 46
"/home/nexos/sources/nexnix/source/libraries/libc/stdio/vsprintf.c", "C", 0, 0, 6, 0, 0, 0, 0, 0, 16, 3, 25
"/home/nexos/sources/nexnix/source/libraries/libc/stdlib/exit.c", "C", 0, 0, 3, 0, 0, 0, 0, 0, 16, 2, 21
"/home/nexos/sources/nexnix/source/libraries/libc/string/atoi.c", "C", 0, 0, 12, 0, 0, 0, 0, 0, 16, 3, 31
"/home/nexos/sources/nexnix/source/libraries/libc/string/memcmp.c", "C", 0, 0, 16, 0, 0, 0, 0, 0, 16, 3, 35
"/home/nexos/sources/nexnix/source/libraries/libc/string/memcpy.c", "C", 0, 0, 52, 0, 0, 0, 0, 0, 17, 3, 72
"/home/nexos/sources/nexnix/source/libraries/libc/string/memset.c", "C", 0, 0, 9, 0, 0, 0, 0, 0, 16, 3, 28
"/home/nexos/sources/nexnix/source/libraries/libc/string/strcat.c", "C", 0, 0, 11, 0, 0, 0, 0, 0, 16, 3, 30
"/home/nexos/sources/nexnix/source/libraries/libc/string/strcmp.c", "C", 0, 0, 10, 0, 0, 0, 0, 0, 16, 3, 29
"/home/nexos/sources/nexnix/source/libraries/libc/string/strcpy.c", "C", 0, 0, 9, 0, 0, 0, 0, 0, 16, 3, 28
"/home/nexos/sources/nexnix/source/libraries/libc/string/strlen.c", "C", 0, 0, 11, 0, 0, 0, 0, 0, 16, 3, 30
"/home/nexos/sources/nexnix/source/libraries/libconf/CMakeLists.txt", "CMake", 0, 0, 0, 116, 0, 0, 0, 0, 0, 25, 141
"/home/nexos/sources/nexnix/source/libraries/libconf/README.md", "Markdown", 0, 2, 0, 0, 0, 0, 0, 0, 0, 1, 3
"/home/nexos/sources/nexnix/source/libraries/libconf/cmake/NexTest.cmake", "CMake", 0, 0, 0, 53, 0, 0, 0, 0, 0, 7, 60
"/home/nexos/sources/nexnix/source/libraries/libconf/cmake/SdkCompilerTest.cmake", "CMake", 0, 0, 0, 29, 0, 0, 0, 0, 0, 6, 35
"/home/nexos/sources/nexnix/source/libraries/libconf/cmake/nextest.h", "C++", 0, 0, 0, 0, 21, 0, 0, 0, 21, 8, 50
"/home/nexos/sources/nexnix/source/libraries/libconf/include/libconf.h", "C++", 0, 0, 0, 0, 39, 0, 0, 0, 39, 14, 92
"/home/nexos/sources/nexnix/source/libraries/libconf/src/conf.c", "C", 0, 0, 24, 0, 0, 0, 0, 0, 19, 8, 51
"/home/nexos/sources/nexnix/source/libraries/libconf/src/internal.h", "C++", 0, 0, 0, 0, 51, 0, 0, 0, 58, 14, 123
"/home/nexos/sources/nexnix/source/libraries/libconf/src/lex.c", "C", 0, 0, 829, 0, 0, 0, 0, 0, 124, 29, 982
"/home/nexos/sources/nexnix/source/libraries/libconf/src/libconf_config.in.h", "C++", 0, 0, 0, 0, 22, 0, 0, 0, 19, 6, 47
"/home/nexos/sources/nexnix/source/libraries/libconf/src/parse.c", "C", 0, 0, 334, 0, 0, 0, 0, 0, 66, 20, 420
"/home/nexos/sources/nexnix/source/libraries/libconf/src/tests/lex.c", "C", 0, 0, 75, 0, 0, 0, 0, 0, 18, 5, 98
"/home/nexos/sources/nexnix/source/libraries/libconf/src/tests/parse.c", "C", 0, 0, 122, 0, 0, 0, 0, 0, 18, 4, 144
"/home/nexos/sources/nexnix/source/libraries/libnex/CMakeLists.txt", "CMake", 0, 0, 0, 304, 0, 0, 0, 0, 0, 50, 354
"/home/nexos/sources/nexnix/source/libraries/libnex/README.md", "Markdown", 0, 2, 0, 0, 0, 0, 0, 0, 0, 1, 3
"/home/nexos/sources/nexnix/source/libraries/libnex/cmake/GettextHelp.cmake", "CMake", 0, 0, 0, 129, 0, 0, 0, 0, 0, 11, 140
"/home/nexos/sources/nexnix/source/libraries/libnex/cmake/NexTest.cmake", "CMake", 0, 0, 0, 47, 0, 0, 0, 0, 0, 9, 56
"/home/nexos/sources/nexnix/source/libraries/libnex/cmake/SdkCompilerTest.cmake", "CMake", 0, 0, 0, 29, 0, 0, 0, 0, 0, 6, 35
"/home/nexos/sources/nexnix/source/libraries/libnex/cmake/nextest.h", "C++", 0, 0, 0, 0, 21, 0, 0, 0, 21, 8, 50
"/home/nexos/sources/nexnix/source/libraries/libnex/include/libnex/array.h", "C++", 0, 0, 0, 0, 47, 0, 0, 0, 84, 21, 152
"/home/nexos/sources/nexnix/source/libraries/libnex/include/libnex/base.h", "C++", 0, 0, 0, 0, 10, 0, 0, 0, 21, 7, 38
"/home/nexos/sources/nexnix/source/libraries/libnex/include/libnex/bits.h", "C++", 0, 0, 0, 0, 14, 0, 0, 0, 107, 15, 136
"/home/nexos/sources/nexnix/source/libraries/libnex/include/libnex/char32.h", "C++", 0, 0, 0, 0, 24, 0, 0, 0, 134, 22, 180
"/home/nexos/sources/nexnix/source/libraries/libnex/include/libnex/container.h", "C++", 0, 0, 0, 0, 4, 0, 0, 0, 18, 5, 27
"/home/nexos/sources/nexnix/source/libraries/libnex/include/libnex/crc32.h", "C++", 0, 0, 0, 0, 11, 0, 0, 0, 11, 7, 29
"/home/nexos/sources/nexnix/source/libraries/libnex/include/libnex/decls.h", "C++", 0, 0, 0, 0, 12, 0, 0, 0, 18, 5, 35
"/home/nexos/sources/nexnix/source/libraries/libnex/include/libnex/endian.h", "C++", 0, 0, 0, 0, 28, 0, 0, 0, 94, 19, 141
"/home/nexos/sources/nexnix/source/libraries/libnex/include/libnex/error.h", "C++", 0, 0, 0, 0, 10, 0, 0, 0, 34, 9, 53
"/home/nexos/sources/nexnix/source/libraries/libnex/include/libnex/getopt.h", "C++", 0, 0, 0, 0, 41, 0, 0, 0, 14, 15, 70
"/home/nexos/sources/nexnix/source/libraries/libnex/include/libnex/hash.h", "C++", 0, 0, 0, 0, 11, 0, 0, 0, 29, 8, 48
"/home/nexos/sources/nexnix/source/libraries/libnex/include/libnex/list.h", "C++", 0, 0, 0, 0, 55, 0, 0, 0, 169, 29, 253
"/home/nexos/sources/nexnix/source/libraries/libnex/include/libnex/lock.h", "C++", 0, 0, 0, 0, 23, 0, 0, 0, 43, 12, 78
"/home/nexos/sources/nexnix/source/libraries/libnex/include/libnex/object.h", "C++", 0, 0, 0, 0, 28, 0, 0, 0, 103, 19, 150
"/home/nexos/sources/nexnix/source/libraries/libnex/include/libnex/progname.h", "C++", 0, 0, 0, 0, 11, 0, 0, 0, 26, 12, 49
"/home/nexos/sources/nexnix/source/libraries/libnex/include/libnex/safemalloc.h", "C++", 0, 0, 0, 0, 21, 0, 0, 0, 43, 13, 77
"/home/nexos/sources/nexnix/source/libraries/libnex/include/libnex/safestring.h", "C++", 0, 0, 0, 0, 12, 0, 0, 0, 41, 11, 64
"/home/nexos/sources/nexnix/source/libraries/libnex/include/libnex/stringref.h", "C++", 0, 0, 0, 0, 25, 0, 0, 0, 44, 14, 83
"/home/nexos/sources/nexnix/source/libraries/libnex/include/libnex/textstream.h", "C++", 0, 0, 0, 0, 64, 0, 0, 0, 116, 22, 202
"/home/nexos/sources/nexnix/source/libraries/libnex/include/libnex/unicode.h", "C++", 0, 0, 0, 0, 39, 0, 0, 0, 100, 22, 161
"/home/nexos/sources/nexnix/source/libraries/libnex/include/uchar.h", "C++", 0, 0, 0, 0, 21, 0, 0, 0, 1, 11, 33
"/home/nexos/sources/nexnix/source/libraries/libnex/src/array.c", "C", 0, 0, 251, 0, 0, 0, 0, 0, 53, 16, 320
"/home/nexos/sources/nexnix/source/libraries/libnex/src/char32.c", "C", 0, 0, 204, 0, 0, 0, 0, 0, 35, 17, 256
"/home/nexos/sources/nexnix/source/libraries/libnex/src/codepages/win1252toUtf32.h", "C++", 0, 0, 0, 0, 34, 0, 0, 0, 20, 3, 57
"/home/nexos/sources/nexnix/source/libraries/libnex/src/crc32.c", "C", 0, 0, 38, 0, 0, 0, 0, 0, 7, 4, 49
"/home/nexos/sources/nexnix/source/libraries/libnex/src/endian.c", "C", 0, 0, 89, 0, 0, 0, 0, 0, 24, 13, 126
"/home/nexos/sources/nexnix/source/libraries/libnex/src/error.c", "C", 0, 0, 23, 0, 0, 0, 0, 0, 22, 7, 52
"/home/nexos/sources/nexnix/source/libraries/libnex/src/getopt.c", "C", 0, 0, 274, 0, 0, 0, 0, 0, 91, 23, 388
"/home/nexos/sources/nexnix/source/libraries/libnex/src/hash.c", "C", 0, 0, 26, 0, 0, 0, 0, 0, 23, 5, 54
"/home/nexos/sources/nexnix/source/libraries/libnex/src/internal.c", "C", 0, 0, 16, 0, 0, 0, 0, 0, 18, 4, 38
"/home/nexos/sources/nexnix/source/libraries/libnex/src/internal.h", "C++", 0, 0, 0, 0, 16, 0, 0, 0, 18, 8, 42
"/home/nexos/sources/nexnix/source/libraries/libnex/src/libnex_baremetal.h", "C++", 0, 0, 0, 0, 11, 0, 0, 0, 18, 5, 34
"/home/nexos/sources/nexnix/source/libraries/libnex/src/libnex_config.in.h", "C++", 0, 0, 0, 0, 42, 0, 0, 0, 21, 8, 71
"/home/nexos/sources/nexnix/source/libraries/libnex/src/libnex_hosted.h", "C++", 0, 0, 0, 0, 16, 0, 0, 0, 18, 5, 39
"/home/nexos/sources/nexnix/source/libraries/libnex/src/list.c", "C", 0, 0, 250, 0, 0, 0, 0, 0, 31, 20, 301
"/home/nexos/sources/nexnix/source/libraries/libnex/src/lock.c", "C", 0, 0, 52, 0, 0, 0, 0, 0, 43, 7, 102
"/home/nexos/sources/nexnix/source/libraries/libnex/src/object.c", "C", 0, 0, 58, 0, 0, 0, 0, 0, 73, 12, 143
"/home/nexos/sources/nexnix/source/libraries/libnex/src/progname.c", "C", 0, 0, 11, 0, 0, 0, 0, 0, 26, 6, 43
"/home/nexos/sources/nexnix/source/libraries/libnex/src/safemalloc.c", "C", 0, 0, 25, 0, 0, 0, 0, 0, 46, 6, 77
"/home/nexos/sources/nexnix/source/libraries/libnex/src/stringref.c", "C", 0, 0, 22, 0, 0, 0, 0, 0, 18, 5, 45
"/home/nexos/sources/nexnix/source/libraries/libnex/src/strlcat.c", "C", 0, 0, 27, 0, 0, 0, 0, 0, 33, 4, 64
"/home/nexos/sources/nexnix/source/libraries/libnex/src/strlcpy.c", "C", 0, 0, 22, 0, 0, 0, 0, 0, 32, 4, 58
"/home/nexos/sources/nexnix/source/libraries/libnex/src/textstream.c", "C", 0, 0, 571, 0, 0, 0, 0, 0, 109, 24, 704
"/home/nexos/sources/nexnix/source/libraries/libnex/src/uchar.c", "C", 0, 0, 85, 0, 0, 0, 0, 0, 3, 12, 100
"/home/nexos/sources/nexnix/source/libraries/libnex/src/unicode.c", "C", 0, 0, 217, 0, 0, 0, 0, 0, 51, 24, 292
"/home/nexos/sources/nexnix/source/libraries/libnex/src/unicode/utf16stateTab.h", "C++", 0, 0, 0, 0, 19, 0, 0, 0, 26, 9, 54
"/home/nexos/sources/nexnix/source/libraries/libnex/src/unicode/utf8stateTab.h", "C++", 0, 0, 0, 0, 18, 0, 0, 0, 25, 9, 52
"/home/nexos/sources/nexnix/source/libraries/libnex/tests/array.c", "C", 0, 0, 74, 0, 0, 0, 0, 0, 19, 9, 102
"/home/nexos/sources/nexnix/source/libraries/libnex/tests/bits.c", "C", 0, 0, 26, 0, 0, 0, 0, 0, 18, 5, 49
"/home/nexos/sources/nexnix/source/libraries/libnex/tests/char32.c", "C", 0, 0, 65, 0, 0, 0, 0, 0, 29, 13, 107
"/home/nexos/sources/nexnix/source/libraries/libnex/tests/endian.c", "C", 0, 0, 71, 0, 0, 0, 0, 0, 20, 16, 107
"/home/nexos/sources/nexnix/source/libraries/libnex/tests/hash.c", "C", 0, 0, 7, 0, 0, 0, 0, 0, 18, 5, 30
"/home/nexos/sources/nexnix/source/libraries/libnex/tests/list.c", "C", 0, 0, 73, 0, 0, 0, 0, 0, 36, 12, 121
"/home/nexos/sources/nexnix/source/libraries/libnex/tests/object.c", "C", 0, 0, 24, 0, 0, 0, 0, 0, 17, 3, 44
"/home/nexos/sources/nexnix/source/libraries/libnex/tests/stringref.c", "C", 0, 0, 26, 0, 0, 0, 0, 0, 18, 4, 48
"/home/nexos/sources/nexnix/source/libraries/libnex/tests/strlcat.c", "C", 0, 0, 18, 0, 0, 0, 0, 0, 20, 5, 43
"/home/nexos/sources/nexnix/source/libraries/libnex/tests/strlcpy.c", "C", 0, 0, 19, 0, 0, 0, 0, 0, 22, 6, 47
"/home/nexos/sources/nexnix/source/libraries/libnex/tests/textstream.c", "C", 0, 0, 159, 0, 0, 0, 0, 0, 38, 5, 202
"/home/nexos/sources/nexnix/source/libraries/libnex/tests/unicode.c", "C", 0, 0, 52, 0, 0, 0, 0, 0, 22, 10, 84
"/home/nexos/sources/nexnix/source/nexboot/CMakeLists.txt", "CMake", 0, 0, 0, 113, 0, 0, 0, 0, 0, 20, 133
"/home/nexos/sources/nexnix/source/nexboot/README.md", "Markdown", 0, 2, 0, 0, 0, 0, 0, 0, 0, 1, 3
"/home/nexos/sources/nexnix/source/nexboot/cpu/armv8/arch.cmake", "CMake", 0, 0, 0, 19, 0, 0, 0, 0, 0, 6, 25
"/home/nexos/sources/nexnix/source/nexboot/cpu/armv8/as.c", "C", 0, 0, 181, 0, 0, 0, 0, 0, 56, 21, 258
"/home/nexos/sources/nexnix/source/nexboot/cpu/armv8/cpu.S", "ARM", 0, 0, 0, 0, 0, 0, 0, 58, 0, 6, 64
"/home/nexos/sources/nexnix/source/nexboot/cpu/armv8/cpu.c", "C", 0, 0, 8, 0, 0, 0, 0, 0, 16, 4, 28
"/home/nexos/sources/nexnix/source/nexboot/cpu/i386/arch.cmake", "CMake", 0, 0, 0, 26, 0, 0, 0, 0, 0, 8, 34
"/home/nexos/sources/nexnix/source/nexboot/cpu/i386/as.c", "C", 0, 0, 109, 0, 0, 0, 0, 0, 43, 13, 165
"/home/nexos/sources/nexnix/source/nexboot/cpu/i386/aspae.c", "C", 0, 0, 135, 0, 0, 0, 0, 0, 47, 13, 195
"/home/nexos/sources/nexnix/source/nexboot/cpu/i386/bioscall.asm", "ARM", 0, 0, 0, 0, 0, 0, 0, 189, 0, 8, 197
"/home/nexos/sources/nexnix/source/nexboot/cpu/i386/cpu.asm", "ARM", 0, 0, 0, 0, 0, 0, 0, 31, 0, 3, 34
"/home/nexos/sources/nexnix/source/nexboot/cpu/i386/cpu.c", "C", 0, 0, 119, 0, 0, 0, 0, 0, 21, 23, 163
"/home/nexos/sources/nexnix/source/nexboot/cpu/riscv64/arch.cmake", "CMake", 0, 0, 0, 19, 0, 0, 0, 0, 0, 6, 25
"/home/nexos/sources/nexnix/source/nexboot/cpu/riscv64/as.c", "C", 0, 0, 122, 0, 0, 0, 0, 0, 50, 19, 191
"/home/nexos/sources/nexnix/source/nexboot/cpu/riscv64/cpu.S", "ARM", 0, 0, 0, 0, 0, 0, 0, 29, 0, 7, 36
"/home/nexos/sources/nexnix/source/nexboot/cpu/riscv64/cpu.c", "C", 0, 0, 30, 0, 0, 0, 0, 0, 23, 4, 57
"/home/nexos/sources/nexnix/source/nexboot/cpu/x86_64/arch.cmake", "CMake", 0, 0, 0, 21, 0, 0, 0, 0, 0, 7, 28
"/home/nexos/sources/nexnix/source/nexboot/cpu/x86_64/as.c", "C", 0, 0, 122, 0, 0, 0, 0, 0, 58, 20, 200
"/home/nexos/sources/nexnix/source/nexboot/cpu/x86_64/bioscall.asm", "ARM", 0, 0, 0, 0, 0, 0, 0, 252, 0, 8, 260
"/home/nexos/sources/nexnix/source/nexboot/cpu/x86_64/cpu.asm", "ARM", 0, 0, 0, 0, 0, 0, 0, 27, 0, 5, 32
"/home/nexos/sources/nexnix/source/nexboot/cpu/x86_64/cpu.c", "C", 0, 0, 118, 0, 0, 0, 0, 0, 22, 23, 163
"/home/nexos/sources/nexnix/source/nexboot/drivers/Drivers.cmake", "CMake", 0, 0, 0, 29, 0, 0, 0, 0, 0, 6, 35
"/home/nexos/sources/nexnix/source/nexboot/drivers/biosdisk.c", "C", 0, 0, 470, 0, 0, 0, 0, 0, 54, 28, 552
"/home/nexos/sources/nexnix/source/nexboot/drivers/bioskbd.c", "C", 0, 0, 93, 0, 0, 0, 0, 0, 24, 12, 129
"/home/nexos/sources/nexnix/source/nexboot/drivers/efidisk.c", "C", 0, 0, 207, 0, 0, 0, 0, 0, 43, 12, 262
"/home/nexos/sources/nexnix/source/nexboot/drivers/efigop.c", "C", 0, 0, 306, 0, 0, 0, 0, 0, 64, 18, 388
"/home/nexos/sources/nexnix/source/nexboot/drivers/efikbd.c", "C", 0, 0, 110, 0, 0, 0, 0, 0, 26, 12, 148
"/home/nexos/sources/nexnix/source/nexboot/drivers/efiserial.c", "C", 0, 0, 113, 0, 0, 0, 0, 0, 30, 14, 157
"/home/nexos/sources/nexnix/source/nexboot/drivers/fbconsole.c", "C", 0, 0, 469, 0, 0, 0, 0, 0, 60, 22, 551
"/home/nexos/sources/nexnix/source/nexboot/drivers/terminal.c", "C", 0, 0, 793, 0, 0, 0, 0, 0, 88, 24, 905
"/home/nexos/sources/nexnix/source/nexboot/drivers/uart16550.c", "C", 0, 0, 152, 0, 0, 0, 0, 0, 42, 22, 216
"/home/nexos/sources/nexnix/source/nexboot/drivers/vbe.c", "C", 0, 0, 489, 0, 0, 0, 0, 0, 87, 35, 611
"/home/nexos/sources/nexnix/source/nexboot/drivers/vgaconsole.c", "C", 0, 0, 197, 0, 0, 0, 0, 0, 44, 25, 266
"/home/nexos/sources/nexnix/source/nexboot/drivers/volmanager.c", "C", 0, 0, 366, 0, 0, 0, 0, 0, 73, 33, 472
"/home/nexos/sources/nexnix/source/nexboot/fw/bios/CMakeLists.txt", "CMake", 0, 0, 0, 86, 0, 0, 0, 0, 0, 21, 107
"/home/nexos/sources/nexnix/source/nexboot/fw/bios/bios.c", "C", 0, 0, 127, 0, 0, 0, 0, 0, 38, 15, 180
"/home/nexos/sources/nexnix/source/nexboot/fw/bios/biosmem.c", "C", 0, 0, 254, 0, 0, 0, 0, 0, 69, 14, 337
"/home/nexos/sources/nexnix/source/nexboot/fw/bios/boot/bootrec.cmake", "CMake", 0, 0, 0, 25, 0, 0, 0, 0, 0, 5, 30
"/home/nexos/sources/nexnix/source/nexboot/fw/bios/boot/fdmbr.asm", "ARM", 0, 0, 0, 0, 0, 0, 0, 277, 0, 13, 290
"/home/nexos/sources/nexnix/source/nexboot/fw/bios/boot/gptmbr.asm", "ARM", 0, 0, 0, 0, 0, 0, 0, 99, 0, 10, 109
"/home/nexos/sources/nexnix/source/nexboot/fw/bios/boot/hdmbr.asm", "ARM", 0, 0, 0, 0, 0, 0, 0, 184, 0, 8, 192
"/home/nexos/sources/nexnix/source/nexboot/fw/bios/boot/hdvbr.asm", "ARM", 0, 0, 0, 0, 0, 0, 0, 269, 0, 17, 286
"/home/nexos/sources/nexnix/source/nexboot/fw/bios/boot/isombr.asm", "ARM", 0, 0, 0, 0, 0, 0, 0, 230, 0, 13, 243
"/home/nexos/sources/nexnix/source/nexboot/fw/bios/chainload.c", "C", 0, 0, 56, 0, 0, 0, 0, 0, 23, 3, 82
"/home/nexos/sources/nexnix/source/nexboot/fw/bios/decomp/decomp.c", "C", 0, 0, 64, 0, 0, 0, 0, 0, 24, 7, 95
"/home/nexos/sources/nexnix/source/nexboot/fw/bios/decomp/em_inflate.c", "C", 0, 0, 1042, 0, 0, 0, 0, 0, 272, 166, 1480
"/home/nexos/sources/nexnix/source/nexboot/fw/bios/decomp/em_inflate.h", "C++", 0, 0, 0, 0, 15, 0, 0, 0, 31, 7, 53
"/home/nexos/sources/nexnix/source/nexboot/fw/bios/fw.cmake", "CMake", 0, 0, 0, 6, 0, 0, 0, 0, 0, 1, 7
"/home/nexos/sources/nexnix/source/nexboot/fw/bios/hwdetect.c", "C", 0, 0, 251, 0, 0, 0, 0, 0, 48, 15, 314
"/home/nexos/sources/nexnix/source/nexboot/fw/bios/include/boot/common.inc", "C", 0, 0, 31, 0, 0, 0, 0, 0, 0, 2, 33
"/home/nexos/sources/nexnix/source/nexboot/fw/bios/include/boot/nbload.inc", "C", 0, 0, 192, 0, 0, 0, 0, 0, 0, 11, 203
"/home/nexos/sources/nexnix/source/nexboot/fw/bios/include/boot/nbload2.inc", "C", 0, 0, 16, 0, 0, 0, 0, 0, 0, 2, 18
"/home/nexos/sources/nexnix/source/nexboot/fw/bios/nbload/nbload.asm", "ARM", 0, 0, 0, 0, 0, 0, 0, 759, 0, 37, 796
"/home/nexos/sources/nexnix/source/nexboot/fw/efi/CMakeLists.txt", "CMake", 0, 0, 0, 62, 0, 0, 0, 0, 0, 16, 78
"/home/nexos/sources/nexnix/source/nexboot/fw/efi/efi.c", "C", 0, 0, 287, 0, 0, 0, 0, 0, 57, 29, 373
"/home/nexos/sources/nexnix/source/nexboot/fw/efi/efimain.c", "C", 0, 0, 46, 0, 0, 0, 0, 0, 24, 7, 77
"/home/nexos/sources/nexnix/source/nexboot/fw/efi/efimem.c", "C", 0, 0, 80, 0, 0, 0, 0, 0, 33, 6, 119
"/home/nexos/sources/nexnix/source/nexboot/fw/efi/fw.cmake", "CMake", 0, 0, 0, 27, 0, 0, 0, 0, 0, 8, 35
"/home/nexos/sources/nexnix/source/nexboot/fw/efi/hwdetect.c", "C", 0, 0, 121, 0, 0, 0, 0, 0, 38, 7, 166
"/home/nexos/sources/nexnix/source/nexboot/include/nexboot/bios/bios.h", "C++", 0, 0, 0, 0, 90, 0, 0, 0, 25, 16, 131
"/home/nexos/sources/nexnix/source/nexboot/include/nexboot/cpu/armv8/cpu.h", "C", 0, 0, 31, 0, 0, 0, 0, 0, 20, 13, 64
"/home/nexos/sources/nexnix/source/nexboot/include/nexboot/cpu/i386/cpu.h", "C", 0, 0, 50, 0, 0, 0, 0, 0, 25, 21, 96
"/home/nexos/sources/nexnix/source/nexboot/include/nexboot/cpu/riscv32/cpu.h", "C", 0, 0, 24, 0, 0, 0, 0, 0, 19, 11, 54
"/home/nexos/sources/nexnix/source/nexboot/include/nexboot/cpu/riscv64/cpu.h", "C", 0, 0, 32, 0, 0, 0, 0, 0, 22, 14, 68
"/home/nexos/sources/nexnix/source/nexboot/include/nexboot/cpu/x86_64/cpu.h", "C", 0, 0, 50, 0, 0, 0, 0, 0, 25, 21, 96
"/home/nexos/sources/nexnix/source/nexboot/include/nexboot/detect.h", "C++", 0, 0, 0, 0, 45, 0, 0, 0, 24, 13, 82
"/home/nexos/sources/nexnix/source/nexboot/include/nexboot/driver.h", "C++", 0, 0, 0, 0, 32, 0, 0, 0, 26, 17, 75
"/home/nexos/sources/nexnix/source/nexboot/include/nexboot/drivers/disk.h", "C++", 0, 0, 0, 0, 36, 0, 0, 0, 19, 10, 65
"/home/nexos/sources/nexnix/source/nexboot/include/nexboot/drivers/display.h", "C++", 0, 0, 0, 0, 104, 0, 0, 0, 23, 19, 146
"/home/nexos/sources/nexnix/source/nexboot/include/nexboot/drivers/ps2kbd.h", "C++", 0, 0, 0, 0, 17, 0, 0, 0, 16, 6, 39
"/home/nexos/sources/nexnix/source/nexboot/include/nexboot/drivers/terminal.h", "C++", 0, 0, 0, 0, 113, 0, 0, 0, 26, 23, 162
"/home/nexos/sources/nexnix/source/nexboot/include/nexboot/drivers/time.h", "C++", 0, 0, 0, 0, 5, 0, 0, 0, 16, 5, 26
"/home/nexos/sources/nexnix/source/nexboot/include/nexboot/drivers/uart16550.h", "C++", 0, 0, 0, 0, 11, 0, 0, 0, 16, 5, 32
"/home/nexos/sources/nexnix/source/nexboot/include/nexboot/drivers/vgaconsole.h", "C++", 0, 0, 0, 0, 21, 0, 0, 0, 17, 8, 46
"/home/nexos/sources/nexnix/source/nexboot/include/nexboot/drivers/volume.h", "C++", 0, 0, 0, 0, 27, 0, 0, 0, 21, 10, 58
"/home/nexos/sources/nexnix/source/nexboot/include/nexboot/efi/efi.h", "C++", 0, 0, 0, 0, 28, 0, 0, 0, 34, 22, 84
"/home/nexos/sources/nexnix/source/nexboot/include/nexboot/fw.h", "C++", 0, 0, 0, 0, 101, 0, 0, 0, 45, 34, 180
"/home/nexos/sources/nexnix/source/nexboot/include/nexboot/nexboot.h", "C++", 0, 0, 0, 0, 39, 0, 0, 0, 39, 25, 103
"/home/nexos/sources/nexnix/source/nexboot/include/nexboot/nexnix.h", "C++", 0, 0, 0, 0, 59, 0, 0, 0, 31, 10, 100
"/home/nexos/sources/nexnix/source/nexboot/include/nexboot/object.h", "C++", 0, 0, 0, 0, 79, 0, 0, 0, 37, 30, 146
"/home/nexos/sources/nexnix/source/nexboot/include/nexboot/object_types.h", "C++", 0, 0, 0, 0, 21, 0, 0, 0, 16, 5, 42
"/home/nexos/sources/nexnix/source/nexboot/include/nexboot/os.h", "C++", 0, 0, 0, 0, 27, 0, 0, 0, 21, 13, 61
"/home/nexos/sources/nexnix/source/nexboot/include/nexboot/shell.h", "C++", 0, 0, 0, 0, 19, 0, 0, 0, 29, 17, 65
"/home/nexos/sources/nexnix/source/nexboot/include/nexboot/ui.h", "C++", 0, 0, 0, 0, 74, 0, 0, 0, 32, 20, 126
"/home/nexos/sources/nexnix/source/nexboot/include/nexboot/vfs.h", "C++", 0, 0, 0, 0, 74, 0, 0, 0, 22, 17, 113
"/home/nexos/sources/nexnix/source/nexboot/src/cmds/mountcmd.c", "C", 0, 0, 61, 0, 0, 0, 0, 0, 23, 4, 88
"/home/nexos/sources/nexnix/source/nexboot/src/cmds/objcmd.c", "C", 0, 0, 145, 0, 0, 0, 0, 0, 36, 8, 189
"/home/nexos/sources/nexnix/source/nexboot/src/cmds/shellbase.c", "C", 0, 0, 236, 0, 0, 0, 0, 0, 48, 13, 297
"/home/nexos/sources/nexnix/source/nexboot/src/cmds/shellcmds.h", "C++", 0, 0, 0, 0, 55, 0, 0, 0, 17, 8, 80
"/home/nexos/sources/nexnix/source/nexboot/src/conf/conf.h", "C++", 0, 0, 0, 0, 104, 0, 0, 0, 34, 21, 159
"/home/nexos/sources/nexnix/source/nexboot/src/conf/lex.c", "C", 0, 0, 576, 0, 0, 0, 0, 0, 87, 24, 687
"/home/nexos/sources/nexnix/source/nexboot/src/conf/parse.c", "C", 0, 0, 356, 0, 0, 0, 0, 0, 60, 15, 431
"/home/nexos/sources/nexnix/source/nexboot/src/driver.c", "C", 0, 0, 86, 0, 0, 0, 0, 0, 26, 10, 122
"/home/nexos/sources/nexnix/source/nexboot/src/drivers.h", "C++", 0, 0, 0, 0, 30, 0, 0, 0, 19, 7, 56
"/home/nexos/sources/nexnix/source/nexboot/src/elf.c", "C", 0, 0, 156, 0, 0, 0, 0, 0, 43, 6, 205
"/home/nexos/sources/nexnix/source/nexboot/src/filesys/fat.c", "C", 0, 0, 1038, 0, 0, 0, 0, 0, 191, 52, 1281
"/home/nexos/sources/nexnix/source/nexboot/src/filesys/fstable.h", "C++", 0, 0, 0, 0, 33, 0, 0, 0, 19, 8, 60
"/home/nexos/sources/nexnix/source/nexboot/src/filesys/include/fat.h", "C++", 0, 0, 0, 0, 12, 0, 0, 0, 16, 5, 33
"/home/nexos/sources/nexnix/source/nexboot/src/filesys/include/iso9660.h", "C++", 0, 0, 0, 0, 12, 0, 0, 0, 16, 5, 33
"/home/nexos/sources/nexnix/source/nexboot/src/filesys/iso9660.c", "C", 0, 0, 517, 0, 0, 0, 0, 0, 90, 34, 641
"/home/nexos/sources/nexnix/source/nexboot/src/log.c", "C", 0, 0, 303, 0, 0, 0, 0, 0, 53, 30, 386
"/home/nexos/sources/nexnix/source/nexboot/src/main.c", "C", 0, 0, 78, 0, 0, 0, 0, 0, 41, 7, 126
"/home/nexos/sources/nexnix/source/nexboot/src/memmgr.c", "C", 0, 0, 380, 0, 0, 0, 0, 0, 77, 22, 479
"/home/nexos/sources/nexnix/source/nexboot/src/menu.c", "C", 0, 0, 350, 0, 0, 0, 0, 0, 88, 21, 459
"/home/nexos/sources/nexnix/source/nexboot/src/nexnix.c", "C", 0, 0, 158, 0, 0, 0, 0, 0, 50, 4, 212
"/home/nexos/sources/nexnix/source/nexboot/src/object.c", "C", 0, 0, 311, 0, 0, 0, 0, 0, 66, 29, 406
"/home/nexos/sources/nexnix/source/nexboot/src/shell.c", "C", 0, 0, 419, 0, 0, 0, 0, 0, 101, 40, 560
"/home/nexos/sources/nexnix/source/nexboot/src/ui/textui.c", "C", 0, 0, 176, 0, 0, 0, 0, 0, 43, 17, 236
"/home/nexos/sources/nexnix/source/nexboot/src/ui/ui.c", "C", 0, 0, 259, 0, 0, 0, 0, 0, 75, 17, 351
"/home/nexos/sources/nexnix/source/nexboot/src/vfs.c", "C", 0, 0, 295, 0, 0, 0, 0, 0, 44, 28, 367
"/home/nexos/sources/nexnix/source/nexke/CMakeLists.txt", "CMake", 0, 0, 0, 110, 0, 0, 0, 0, 0, 25, 135
"/home/nexos/sources/nexnix/source/nexke/README.md", "Markdown", 0, 2, 0, 0, 0, 0, 0, 0, 0, 1, 3
"/home/nexos/sources/nexnix/source/nexke/core/fbcons.c", "C", 0, 0, 249, 0, 0, 0, 0, 0, 49, 22, 320
"/home/nexos/sources/nexnix/source/nexke/core/log.c", "C", 0, 0, 118, 0, 0, 0, 0, 0, 40, 14, 172
"/home/nexos/sources/nexnix/source/nexke/core/main.c", "C", 0, 0, 107, 0, 0, 0, 0, 0, 46, 11, 164
"/home/nexos/sources/nexnix/source/nexke/core/resource.c", "C", 0, 0, 254, 0, 0, 0, 0, 0, 85, 23, 362
"/home/nexos/sources/nexnix/source/nexke/core/time.c", "C", 0, 0, 234, 0, 0, 0, 0, 0, 77, 17, 328
"/home/nexos/sources/nexnix/source/nexke/core/work.c", "C", 0, 0, 116, 0, 0, 0, 0, 0, 41, 12, 169
"/home/nexos/sources/nexnix/source/nexke/cpu/armv8/arch.cmake", "CMake", 0, 0, 0, 22, 0, 0, 0, 0, 0, 7, 29
"/home/nexos/sources/nexnix/source/nexke/cpu/armv8/cpu.S", "ARM", 0, 0, 0, 0, 0, 0, 0, 20, 0, 3, 23
"/home/nexos/sources/nexnix/source/nexke/cpu/armv8/cpudep.c", "C", 0, 0, 12, 0, 0, 0, 0, 0, 22, 6, 40
"/home/nexos/sources/nexnix/source/nexke/cpu/armv8/cpuhelp.c", "C", 0, 0, 33, 0, 0, 0, 0, 0, 19, 8, 60
"/home/nexos/sources/nexnix/source/nexke/cpu/armv8/mul.c", "C", 0, 0, 61, 0, 0, 0, 0, 0, 35, 5, 101
"/home/nexos/sources/nexnix/source/nexke/cpu/armv8/mul.h", "C++", 0, 0, 0, 0, 20, 0, 0, 0, 25, 11, 56
"/home/nexos/sources/nexnix/source/nexke/cpu/i386/arch.cmake", "CMake", 0, 0, 0, 35, 0, 0, 0, 0, 0, 9, 44
"/home/nexos/sources/nexnix/source/nexke/cpu/i386/cpu.asm", "ARM", 0, 0, 0, 0, 0, 0, 0, 141, 0, 9, 150
"/home/nexos/sources/nexnix/source/nexke/cpu/i386/cpudep.c", "C", 0, 0, 234, 0, 0, 0, 0, 0, 78, 20, 332
"/home/nexos/sources/nexnix/source/nexke/cpu/i386/cpuhelp.c", "C", 0, 0, 177, 0, 0, 0, 0, 0, 17, 26, 220
"/home/nexos/sources/nexnix/source/nexke/cpu/i386/mul.c", "C", 0, 0, 452, 0, 0, 0, 0, 0, 151, 27, 630
"/home/nexos/sources/nexnix/source/nexke/cpu/i386/mulpae.c", "C", 0, 0, 545, 0, 0, 0, 0, 0, 176, 29, 750
"/home/nexos/sources/nexnix/source/nexke/cpu/i386/trap.asm", "ARM", 0, 0, 0, 0, 0, 0, 0, 70, 0, 7, 77
"/home/nexos/sources/nexnix/source/nexke/cpu/riscv64/arch.cmake", "CMake", 0, 0, 0, 20, 0, 0, 0, 0, 0, 7, 27
"/home/nexos/sources/nexnix/source/nexke/cpu/riscv64/cpudep.c", "C", 0, 0, 12, 0, 0, 0, 0, 0, 22, 6, 40
"/home/nexos/sources/nexnix/source/nexke/cpu/riscv64/mul.c", "C", 0, 0, 3, 0, 0, 0, 0, 0, 16, 1, 20
"/home/nexos/sources/nexnix/source/nexke/cpu/x86/cpuid.c", "C", 0, 0, 267, 0, 0, 0, 0, 0, 47, 18, 332
"/home/nexos/sources/nexnix/source/nexke/cpu/x86/exec.c", "C", 0, 0, 57, 0, 0, 0, 0, 0, 23, 7, 87
"/home/nexos/sources/nexnix/source/nexke/cpu/x86/tsc.c", "C", 0, 0, 59, 0, 0, 0, 0, 0, 27, 11, 97
"/home/nexos/sources/nexnix/source/nexke/cpu/x86_64/arch.cmake", "CMake", 0, 0, 0, 30, 0, 0, 0, 0, 0, 9, 39
"/home/nexos/sources/nexnix/source/nexke/cpu/x86_64/cpu.asm", "ARM", 0, 0, 0, 0, 0, 0, 0, 66, 0, 6, 72
"/home/nexos/sources/nexnix/source/nexke/cpu/x86_64/cpudep.c", "C", 0, 0, 190, 0, 0, 0, 0, 0, 72, 20, 282
"/home/nexos/sources/nexnix/source/nexke/cpu/x86_64/cpuhelp.c", "C", 0, 0, 179, 0, 0, 0, 0, 0, 17, 28, 224
"/home/nexos/sources/nexnix/source/nexke/cpu/x86_64/mul.c", "C", 0, 0, 200, 0, 0, 0, 0, 0, 71, 17, 288
"/home/nexos/sources/nexnix/source/nexke/cpu/x86_64/trap.asm", "ARM", 0, 0, 0, 0, 0, 0, 0, 86, 0, 6, 92
"/home/nexos/sources/nexnix/source/nexke/include/nexke/cpu.h", "C", 0, 0, 74, 0, 0, 0, 0, 0, 47, 28, 149
"/home/nexos/sources/nexnix/source/nexke/include/nexke/cpu/armv8/armv8.h", "C++", 0, 0, 0, 0, 100, 0, 0, 0, 31, 40, 171
"/home/nexos/sources/nexnix/source/nexke/include/nexke/cpu/armv8/mul.h", "C++", 0, 0, 0, 0, 21, 0, 0, 0, 26, 12, 59
"/home/nexos/sources/nexnix/source/nexke/include/nexke/cpu/i386/i386.h", "C++", 0, 0, 0, 0, 91, 0, 0, 0, 36, 23, 150
"/home/nexos/sources/nexnix/source/nexke/include/nexke/cpu/i386/mul.h", "C++", 0, 0, 0, 0, 90, 0, 0, 0, 35, 27, 152
"/home/nexos/sources/nexnix/source/nexke/include/nexke/cpu/ptab.h", "C++", 0, 0, 0, 0, 58, 0, 0, 0, 31, 21, 110
"/home/nexos/sources/nexnix/source/nexke/include/nexke/cpu/riscv64/riscv64.h", "C++", 0, 0, 0, 0, 7, 0, 0, 0, 18, 5, 30
"/home/nexos/sources/nexnix/source/nexke/include/nexke/cpu/x86/x86.h", "C++", 0, 0, 0, 0, 210, 0, 0, 0, 63, 56, 329
"/home/nexos/sources/nexnix/source/nexke/include/nexke/cpu/x86_64/mul.h", "C++", 0, 0, 0, 0, 62, 0, 0, 0, 31, 20, 113
"/home/nexos/sources/nexnix/source/nexke/include/nexke/cpu/x86_64/x86_64.h", "C++", 0, 0, 0, 0, 55, 0, 0, 0, 27, 17, 99
"/home/nexos/sources/nexnix/source/nexke/include/nexke/list.h", "C++", 0, 0, 0, 0, 99, 0, 0, 0, 29, 17, 145
"/home/nexos/sources/nexnix/source/nexke/include/nexke/lock.h", "C++", 0, 0, 0, 0, 58, 0, 0, 0, 24, 12, 94
"/home/nexos/sources/nexnix/source/nexke/include/nexke/mm.h", "C++", 0, 0, 0, 0, 182, 0, 0, 0, 111, 91, 384
"/home/nexos/sources/nexnix/source/nexke/include/nexke/nexboot.h", "C++", 0, 0, 0, 0, 78, 0, 0, 0, 30, 15, 123
"/home/nexos/sources/nexnix/source/nexke/include/nexke/nexke.h", "C", 0, 0, 152, 0, 0, 0, 0, 0, 72, 59, 283
"/home/nexos/sources/nexnix/source/nexke/include/nexke/platform.h", "C", 0, 0, 207, 0, 0, 0, 0, 0, 70, 72, 349
"/home/nexos/sources/nexnix/source/nexke/include/nexke/platform/acpi.h", "C++", 0, 0, 0, 0, 239, 0, 0, 0, 39, 37, 315
"/home/nexos/sources/nexnix/source/nexke/include/nexke/platform/pc.h", "C", 0, 0, 20, 0, 0, 0, 0, 0, 32, 20, 72
"/home/nexos/sources/nexnix/source/nexke/include/nexke/platform/sbsa.h", "C++", 0, 0, 0, 0, 5, 0, 0, 0, 16, 5, 26
"/home/nexos/sources/nexnix/source/nexke/include/nexke/synch.h", "C++", 0, 0, 0, 0, 36, 0, 0, 0, 36, 23, 95
"/home/nexos/sources/nexnix/source/nexke/include/nexke/task.h", "C++", 0, 0, 0, 0, 116, 0, 0, 0, 68, 44, 228
"/home/nexos/sources/nexnix/source/nexke/include/nexke/types.h", "C++", 0, 0, 0, 0, 22, 0, 0, 0, 16, 7, 45
"/home/nexos/sources/nexnix/source/nexke/include/nexke/wait.h", "C++", 0, 0, 0, 0, 24, 0, 0, 0, 29, 15, 68
"/home/nexos/sources/nexnix/source/nexke/mm/backends.h", "C++", 0, 0, 0, 0, 11, 0, 0, 0, 17, 7, 35
"/home/nexos/sources/nexnix/source/nexke/mm/fault.c", "C", 0, 0, 70, 0, 0, 0, 0, 0, 38, 4, 112
"/home/nexos/sources/nexnix/source/nexke/mm/kvmm.c", "C", 0, 0, 477, 0, 0, 0, 0, 0, 108, 42, 627
"/home/nexos/sources/nexnix/source/nexke/mm/malloc.c", "C", 0, 0, 61, 0, 0, 0, 0, 0, 24, 10, 95
"/home/nexos/sources/nexnix/source/nexke/mm/object.c", "C", 0, 0, 59, 0, 0, 0, 0, 0, 24, 8, 91
"/home/nexos/sources/nexnix/source/nexke/mm/page.c", "C", 0, 0, 584, 0, 0, 0, 0, 0, 144, 38, 766
"/home/nexos/sources/nexnix/source/nexke/mm/ptab.c", "C", 0, 0, 256, 0, 0, 0, 0, 0, 80, 20, 356
"/home/nexos/sources/nexnix/source/nexke/mm/slab.c", "C", 0, 0, 337, 0, 0, 0, 0, 0, 104, 31, 472
"/home/nexos/sources/nexnix/source/nexke/mm/space.c", "C", 0, 0, 216, 0, 0, 0, 0, 0, 64, 22, 302
"/home/nexos/sources/nexnix/source/nexke/platform/acpi.c", "C", 0, 0, 604, 0, 0, 0, 0, 0, 93, 29, 726
"/home/nexos/sources/nexnix/source/nexke/platform/interrupt.c", "C", 0, 0, 343, 0, 0, 0, 0, 0, 96, 32, 471
"/home/nexos/sources/nexnix/source/nexke/platform/pc/apic.c", "C", 0, 0, 582, 0, 0, 0, 0, 0, 132, 60, 774
"/home/nexos/sources/nexnix/source/nexke/platform/pc/earlycons.c", "C", 0, 0, 212, 0, 0, 0, 0, 0, 64, 34, 310
"/home/nexos/sources/nexnix/source/nexke/platform/pc/hpet.c", "C", 0, 0, 283, 0, 0, 0, 0, 0, 75, 30, 388
"/home/nexos/sources/nexnix/source/nexke/platform/pc/mps.c", "C", 0, 0, 253, 0, 0, 0, 0, 0, 54, 21, 328
"/home/nexos/sources/nexnix/source/nexke/platform/pc/pcdetect.c", "C", 0, 0, 206, 0, 0, 0, 0, 0, 53, 20, 279
"/home/nexos/sources/nexnix/source/nexke/platform/pc/pic.c", "C", 0, 0, 181, 0, 0, 0, 0, 0, 55, 21, 257
"/home/nexos/sources/nexnix/source/nexke/platform/pc/pit.c", "C", 0, 0, 145, 0, 0, 0, 0, 0, 51, 18, 214
"/home/nexos/sources/nexnix/source/nexke/platform/pc/platform.cmake", "CMake", 0, 0, 0, 21, 0, 0, 0, 0, 0, 5, 26
"/home/nexos/sources/nexnix/source/nexke/platform/sbsa/pl011.c", "C", 0, 0, 132, 0, 0, 0, 0, 0, 45, 16, 193
"/home/nexos/sources/nexnix/source/nexke/platform/sbsa/platform.cmake", "CMake", 0, 0, 0, 16, 0, 0, 0, 0, 0, 4, 20
"/home/nexos/sources/nexnix/source/nexke/platform/sbsa/sbsa.c", "C", 0, 0, 51, 0, 0, 0, 0, 0, 30, 7, 88
"/home/nexos/sources/nexnix/source/nexke/task/sched.c", "C", 0, 0, 167, 0, 0, 0, 0, 0, 88, 22, 277
"/home/nexos/sources/nexnix/source/nexke/task/synch.c", "C", 0, 0, 125, 0, 0, 0, 0, 0, 47, 21, 193
"/home/nexos/sources/nexnix/source/nexke/task/thread.c", "C", 0, 0, 206, 0, 0, 0, 0, 0, 76, 21, 303
"/home/nexos/sources/nexnix/source/nexke/task/wait.c", "C", 0, 0, 137, 0, 0, 0, 0, 0, 53, 13, 203
"Total", "-", 3335, 35, 30616, 2247, 7345, 127, 505, 2860, 12143, 5723, 64936